{
    "type": "content",
    "modid": "ksrealisticfarming",
    "name": "K's Realistic Farming",
    "authors": [
        "Kaisentlaia"
    ],
    "description": "My cabbages!!! Adds a seeding stage for vegetables and a way to replant grains and legumes. Will you eat or expand your farm?",
    "networkVersion": "1.0.0",
    "version": "1.0.0",
    "side" : "Universal",
    "requiredOnClient": true,
    "requiredOnServer": true,
    "dependencies": {
        "game": "1.19.0"
    }
}