[
    {
        "side": "server",
        "file": "game:blocktypes/plant/crop/soybean",
        "op": "replace",
        "path": "/dropsByType",
        "value": {
            "*-9": [
                { "type": "item", "code": "legume-soybean", "quantity": { "avg": 2, "var": 0.5 }  }
            ],
            "*-10": [
                { "type": "item", "code": "legume-soybean", "quantity": { "avg": 6, "var": 1 }  }
            ],
            "*-11": [
                { "type": "item", "code": "legume-soybean", "quantity": { "avg": 12, "var": 2 }  }
            ],
            "*": []
        }
    }
]