[
    {
        "side": "server",
        "file": "game:blocktypes/plant/crop/flax",
        "op": "replace",
        "path": "/dropsByType",
        "value": {
            "*-8": [
                { "type": "item", "code": "grain-flax", "quantity": { "avg": 6, "var": 1 }  },
                { "type": "item", "code": "flaxfibers", "quantity": { "avg": 8, "var": 1 }  }
            ],
            "*-9": [
                { "type": "item", "code": "grain-flax", "quantity": { "avg": 12, "var": 2 }  },
                { "type": "item", "code": "flaxfibers", "quantity": { "avg": 8, "var": 1 }  }
            ],
            "*": []
        }
    }
]